block_time,block_number,value,gas,gas_used,block_hash,success,tx_index,sub_traces,error,tx_success,tx_hash,from,to,trace_address,type,address,code,call_type,input,output,refund_address,block_date
2023-10-14 0:01:36,379994,14699470000000000,69000,230000,0x6d7418505ad00cb62637053e0df0e138f347bd556d5493894254a9f9ce6065dd,true,0,0,,,0x429a396ce506362a326df6ee77a59da4a4ca91fc64d40ce61c8d6ef8399f5e1c,0xb38e8c17e38363af6ebdcb3dae12e0243582891d,0x7c5080988c6d91d090c23d54740f856c69450b29,[],call,,,call,,,,2023-04-06
2023-10-14 0:01:36,379995,14699470000000000,69000,250000,0x6d7418505ad00cb62637053e0df0e138f347bd556d5493894254a9f9ce6065d1,true,0,0,,,0x429a396ce506362a326df6ee77a59da4a4ca91fc64d40ce61c8d6ef8399f5e11,0xb38e8c17e38363af6ebdcb3dae12e0243582891d,0x7c5080988c6d91d090c23d54740f856c69450b29,[],call,,,call,,,,2023-04-06
2023-10-15 0:01:36,379996,14699470000000000,69000,260000,0x6d7418505ad00cb62637053e0df0e138f347bd556d5493894254a9f9ce6065d2,true,0,0,,,0x429a396ce506362a326df6ee77a59da4a4ca91fc64d40ce61c8d6ef8399f5e12,0x0639556f03714a74a5feeaf5736a4a64ff70d206,0xb38e8c17e38363af6ebdcb3dae12e0243582891d,[],call,,,call,,,,2023-04-06
2023-10-16 0:01:36,379997,14699470000000000,69000,250000,0x6d7418505ad00cb62637053e0df0e138f347bd556d5493894254a9f9ce6065d3,true,0,0,,,0x429a396ce506362a326df6ee77a59da4a4ca91fc64d40ce61c8d6ef8399f5e13,0x0639556f03714a74a5feeaf5736a4a64ff70d206,0xb38e8c17e38363af6ebdcb3dae12e0243582891d,[],call,,,call,,,,2023-04-06
2023-10-17 0:01:36,379998,4699470000000000,69000,260000,0x6d7418505ad00cb62637053e0df0e138f347bd556d5493894254a9f9ce6065d4,true,0,0,,,0x429a396ce506362a326df6ee77a59da4a4ca91fc64d40ce61c8d6ef8399f5e14,0xf89d7b9c864f589bbf53a82105107622b35eaa40,0xb38e8c17e38363af6ebdcb3dae12e0243582891d,[],call,,,call,,,,2023-04-06
2023-10-18 0:01:36,379999,5699470000000000,69000,250000,0x6d7418505ad00cb62637053e0df0e138f347bd556d5493894254a9f9ce6065d5,true,0,0,,,0x429a396ce506362a326df6ee77a59da4a4ca91fc64d40ce61c8d6ef8399f5e15,0xf89d7b9c864f589bbf53a82105107622b35eaa40,0xb38e8c17e38363af6ebdcb3dae12e0243582891d,[],call,,,call,,,,2023-04-06
2022-07-26 04:45:47.000 UTC,15216048,150000000000000000,170692,133328,0x663fb950215f9a455a3216542e58991d49b6068c26b1edd5c9a1fb2f7e98c7c6,TRUE,238,1,,TRUE,0xe3eb29abc9c26e3b1baf55998054f322dc3f1723ea080656d59c01085e8202e0,0x5bc33e0ffa027b8004a15928ca4fa1df5e35c915,0x68b3465833fb72a70ecdf485e0e4c7bd8665fc45,[],call,,,call,0x5ae401dc0000000000000000000000000000000000000000000000000000000062df75f400000000000000000000000000000000000000000000000000000000000000400000000000000000000000000000000000000000000000000000000000000001000000000000000000000000000000000000000000000000000000000000002000000000000000000000000000000000000000000000000000000000000000e404e45aaf000000000000000000000000c02aaa39b223fe8d0a0e5c4f27ead9083c756cc2000000000000000000000000a0b86991c6218b36c1d19d4a2e9eb0ce3606eb4800000000000000000000000000000000000000000000000000000000000001f40000000000000000000000005bc33e0ffa027b8004a15928ca4fa1df5e35c9150000000000000000000000000000000000000000000000000214e8348c4f0000000000000000000000000000000000000000000000000000000000000c99bbb5000000000000000000000000000000000000000000000000000000000000000000000000000000000000000000000000000000000000000000000000,0x0000000000000000000000000000000000000000000000000000000000000020000000000000000000000000000000000000000000000000000000000000000100000000000000000000000000000000000000000000000000000000000000200000000000000000000000000000000000000000000000000000000000000020000000000000000000000000000000000000000000000000000000000cca7257,,2023-04-06
2022-07-26 04:45:47.000 UTC,15216048,150000000000000000,166738,131150,0x663fb950215f9a455a3216542e58991d49b6068c26b1edd5c9a1fb2f7e98c7c6,TRUE,238,1,,TRUE,0xe3eb29abc9c26e3b1baf55998054f322dc3f1723ea080656d59c01085e8202e0,0x68b3465833fb72a70ecdf485e0e4c7bd8665fc45,0x68b3465833fb72a70ecdf485e0e4c7bd8665fc45,[0],call,,,delegatecall,0x04e45aaf000000000000000000000000c02aaa39b223fe8d0a0e5c4f27ead9083c756cc2000000000000000000000000a0b86991c6218b36c1d19d4a2e9eb0ce3606eb4800000000000000000000000000000000000000000000000000000000000001f40000000000000000000000005bc33e0ffa027b8004a15928ca4fa1df5e35c9150000000000000000000000000000000000000000000000000214e8348c4f0000000000000000000000000000000000000000000000000000000000000c99bbb50000000000000000000000000000000000000000000000000000000000000000,0x000000000000000000000000000000000000000000000000000000000cca7257,,2023-04-06
2022-07-26 04:45:47.000 UTC,15216048,0,157223,123725,0x663fb950215f9a455a3216542e58991d49b6068c26b1edd5c9a1fb2f7e98c7c6,TRUE,238,4,,TRUE,0xe3eb29abc9c26e3b1baf55998054f322dc3f1723ea080656d59c01085e8202e0,0x68b3465833fb72a70ecdf485e0e4c7bd8665fc45,0x88e6a0c2ddd26feeb64f039a2c41296fcb3f5640,[0 0],call,,,call,0x128acb080000000000000000000000005bc33e0ffa027b8004a15928ca4fa1df5e35c91500000000000000000000000000000000000000000000000000000000000000000000000000000000000000000000000000000000000000000214e8348c4f0000000000000000000000000000fffd8963efd1fc6a506488495d951d5263988d2500000000000000000000000000000000000000000000000000000000000000a000000000000000000000000000000000000000000000000000000000000000c0000000000000000000000000000000000000000000000000000000000000002000000000000000000000000000000000000000000000000000000000000000400000000000000000000000005bc33e0ffa027b8004a15928ca4fa1df5e35c915000000000000000000000000000000000000000000000000000000000000002bc02aaa39b223fe8d0a0e5c4f27ead9083c756cc20001f4a0b86991c6218b36c1d19d4a2e9eb0ce3606eb48000000000000000000000000000000000000000000,0xfffffffffffffffffffffffffffffffffffffffffffffffffffffffff3358da90000000000000000000000000000000000000000000000000214e8348c4f0000,,2023-04-06
2022-07-26 04:45:47.000 UTC,15216048,0,127625,44017,0x663fb950215f9a455a3216542e58991d49b6068c26b1edd5c9a1fb2f7e98c7c6,TRUE,238,1,,TRUE,0xe3eb29abc9c26e3b1baf55998054f322dc3f1723ea080656d59c01085e8202e0,0x88e6a0c2ddd26feeb64f039a2c41296fcb3f5640,0xa0b86991c6218b36c1d19d4a2e9eb0ce3606eb48,[0 0 0],call,,,call,0xa9059cbb0000000000000000000000005bc33e0ffa027b8004a15928ca4fa1df5e35c915000000000000000000000000000000000000000000000000000000000cca7257,0x0000000000000000000000000000000000000000000000000000000000000001,,2023-04-06
2022-07-26 04:45:47.000 UTC,15216048,0,118500,36728,0x663fb950215f9a455a3216542e58991d49b6068c26b1edd5c9a1fb2f7e98c7c6,TRUE,238,0,,TRUE,0xe3eb29abc9c26e3b1baf55998054f322dc3f1723ea080656d59c01085e8202e0,0xa0b86991c6218b36c1d19d4a2e9eb0ce3606eb48,0xa2327a938febf5fec13bacfb16ae10ecbc4cbdcf,[0 0 0 0],call,,,delegatecall,0xa9059cbb0000000000000000000000005bc33e0ffa027b8004a15928ca4fa1df5e35c915000000000000000000000000000000000000000000000000000000000cca7257,0x0000000000000000000000000000000000000000000000000000000000000001,,2023-04-06
2022-07-26 04:45:47.000 UTC,15216048,0,80964,2534,0x663fb950215f9a455a3216542e58991d49b6068c26b1edd5c9a1fb2f7e98c7c6,TRUE,238,0,,TRUE,0xe3eb29abc9c26e3b1baf55998054f322dc3f1723ea080656d59c01085e8202e0,0x88e6a0c2ddd26feeb64f039a2c41296fcb3f5640,0xc02aaa39b223fe8d0a0e5c4f27ead9083c756cc2,[0 0 1],call,,,staticcall,0x70a0823100000000000000000000000088e6a0c2ddd26feeb64f039a2c41296fcb3f5640,0x000000000000000000000000000000000000000000000ee83edb4c24a2ff72f2,,2023-04-06
2022-07-26 04:45:47.000 UTC,15216048,0,77680,40545,0x663fb950215f9a455a3216542e58991d49b6068c26b1edd5c9a1fb2f7e98c7c6,TRUE,238,2,,TRUE,0xe3eb29abc9c26e3b1baf55998054f322dc3f1723ea080656d59c01085e8202e0,0x88e6a0c2ddd26feeb64f039a2c41296fcb3f5640,0x68b3465833fb72a70ecdf485e0e4c7bd8665fc45,[0 0 2],call,,,call,0xfa461e33fffffffffffffffffffffffffffffffffffffffffffffffffffffffff3358da90000000000000000000000000000000000000000000000000214e8348c4f0000000000000000000000000000000000000000000000000000000000000000006000000000000000000000000000000000000000000000000000000000000000c0000000000000000000000000000000000000000000000000000000000000002000000000000000000000000000000000000000000000000000000000000000400000000000000000000000005bc33e0ffa027b8004a15928ca4fa1df5e35c915000000000000000000000000000000000000000000000000000000000000002bc02aaa39b223fe8d0a0e5c4f27ead9083c756cc20001f4a0b86991c6218b36c1d19d4a2e9eb0ce3606eb48000000000000000000000000000000000000000000,0x,,2023-04-06
2022-07-26 04:45:47.000 UTC,15216048,150000000000000000,66684,23974,0x663fb950215f9a455a3216542e58991d49b6068c26b1edd5c9a1fb2f7e98c7c6,TRUE,238,0,,TRUE,0xe3eb29abc9c26e3b1baf55998054f322dc3f1723ea080656d59c01085e8202e0,0x68b3465833fb72a70ecdf485e0e4c7bd8665fc45,0xc02aaa39b223fe8d0a0e5c4f27ead9083c756cc2,[0 0 2 0],call,,,call,0xd0e30db0,0x,,2023-04-06
2022-07-26 04:45:47.000 UTC,15216048,0,42662,6062,0x663fb950215f9a455a3216542e58991d49b6068c26b1edd5c9a1fb2f7e98c7c6,TRUE,238,0,,TRUE,0xe3eb29abc9c26e3b1baf55998054f322dc3f1723ea080656d59c01085e8202e0,0x68b3465833fb72a70ecdf485e0e4c7bd8665fc45,0xc02aaa39b223fe8d0a0e5c4f27ead9083c756cc2,[0 0 2 1],call,,,call,0xa9059cbb00000000000000000000000088e6a0c2ddd26feeb64f039a2c41296fcb3f56400000000000000000000000000000000000000000000000000214e8348c4f0000,0x0000000000000000000000000000000000000000000000000000000000000001,,2023-04-06
2022-07-26 04:45:47.000 UTC,15216048,0,37137,534,0x663fb950215f9a455a3216542e58991d49b6068c26b1edd5c9a1fb2f7e98c7c6,TRUE,238,0,,TRUE,0xe3eb29abc9c26e3b1baf55998054f322dc3f1723ea080656d59c01085e8202e0,0x88e6a0c2ddd26feeb64f039a2c41296fcb3f5640,0xc02aaa39b223fe8d0a0e5c4f27ead9083c756cc2,[0 0 3],call,,,staticcall,0x70a0823100000000000000000000000088e6a0c2ddd26feeb64f039a2c41296fcb3f5640,0x000000000000000000000000000000000000000000000ee840f034592f4e72f2,,2023-04-06
